id,x,y,z,vx,vy,vz,radius,mass
0,0.5,0.5,0.269549508019895,0,0,-2.57302302857031,0.04,0.6702064327658225
