id,x,y,z,vx,vy,vz,radius,mass
0,0.5,0.5,0.210696558178563,0,0,-2.212256709211224,0.04,0.6702064327658225
