id,x,y,z,vx,vy,vz,radius,mass
0,0.5,0.5,0.04771047516203852,0,0,3.312976971430047,0.04,0.6702064327658225
