id,x,y,z,vx,vy,vz,radius,mass
0,0.5,0.5,0.4569969500208094,0,0,-0.2502567092113019,0.04,0.6702064327658225
