id,x,y,z,vx,vy,vz,radius,mass
0,0.5,0.5,0.514056819447989,0,0,1.350976971429656,0.04,0.6702064327658225
