id,x,y,z,vx,vy,vz,radius,mass
0,0.5,0.5,0.329933647305026,0,0,2.331976971429705,0.04,0.6702064327658225
