id,x,y,z,vx,vy,vz,radius,mass
0,0.5,0.5,0.09069753778421279,0,0,2.692743290788791,0.04,0.6702064327658225
