id,x,y,z,vx,vy,vz,radius,mass
0,0.5,0.5,0.4778263358769128,0,0,-1.592023028570152,0.04,0.6702064327658225
