id,x,y,z,vx,vy,vz,radius,mass
0,0.5,0.5,0.5880031637339332,0,0,-0.611023028570253,0.04,0.6702064327658225
