id,x,y,z,vx,vy,vz,radius,mass
0,0.5,0.5,0.4329971459419395,0,0,0.7307432907886802,0.04,0.6702064327658225
