id,x,y,z,vx,vy,vz,radius,mass
0,0.5,0.5,0.3108973418630766,0,0,1.711743290788579,0.04,0.6702064327658225
