id,x,y,z,vx,vy,vz,radius,mass
0,0.5,0.5,0.3251033458012495,0,0,-0.7451684237624044,0.04,0.6702064327658225
