id,x,y,z,vx,vy,vz,radius,mass
0,0.5,0.5,0.2779860805537366,0,0,1.216831576237505,0.04,0.6702064327658225
