id,x,y,z,vx,vy,vz,radius,mass
0,0.5,0.5,0.1072774479299901,0,0,2.197831576237493,0.04,0.6702064327658225
