id,x,y,z,vx,vy,vz,radius,mass
0,0.5,0.5,0.3828967540996818,0,0,-1.231256709211229,0.04,0.6702064327658225
