id,x,y,z,vx,vy,vz,radius,mass
0,0.5,0.5,0.3505947131774919,0,0,0.2358315762375761,0.04,0.6702064327658225
