gamma_n,runtime,final_ke,com_z
5,0.0989496,15.44141249175132,0.71251386604186
20,0.1191439,6.241441363540781,0.7120303341005653
50,0.1098963,1.951553979905361,0.71628148355351
100,0.0989606,1.738270082229931,0.7131563186854507
