gamma_n,runtime,final_ke
5,0.8498307,3.332676662565201
20,0.8546124,0.985988293680656
50,0.8295891,0.1860747668019526
100,0.8867892000000001,0.2993923968993695
