gamma_n,runtime,final_ke
5,0.9079241,3.332676662565201
20,0.9857399999999999,0.985988293680656
50,0.8140545,0.1860747668019526
100,0.9128665,0.2993923968993695
