id,x,y,z,vx,vy,vz,radius,mass
0,0.5,0.5,0.3609469251942716,0,0,2.635008946355205,0.04,0.6702064327658225
