id,x,y,z,vx,vy,vz,radius,mass
0,0.5,0.5,0.6037509500000101,0,0,-1.961999999999853,0.04,0.6702064327658225
