id,x,y,z,vx,vy,vz,radius,mass
0,0.5,0.5,0.4557602395707421,0,0,1.890434042769521,0.04,0.6702064327658225
