id,x,y,z,vx,vy,vz,radius,mass
0,0.5,0.5,0.4520787733718395,0,0,-2.269991053644809,0.04,0.6702064327658225
