id,x,y,z,vx,vy,vz,radius,mass
0,0.5,0.5,0.1746046359555709,0,0,-3.014565957230543,0.04,0.6702064327658225
