id,x,y,z,vx,vy,vz,radius,mass
0,0.5,0.5,0.2002789078900114,0,0,2.696325647490471,0.04,0.6702064327658225
