id,x,y,z,vx,vy,vz,radius,mass
0,0.5,0.5,0.7099260341007984,0,0,-0.3079910536448679,0.04,0.6702064327658225
