id,x,y,z,vx,vy,vz,radius,mass
0,0.5,0.5,0.5753732948297778,0,0,1.654008946355019,0.04,0.6702064327658225
