id,x,y,z,vx,vy,vz,radius,mass
0,0.5,0.5,0.4208369476390433,0,0,1.715325647490258,0.04,0.6702064327658225
