id,x,y,z,vx,vy,vz,radius,mass
0,0.5,0.5,0.2858053763909355,0,0,1.900981969062634,0.04,0.6702064327658225
