id,x,y,z,vx,vy,vz,radius,mass
0,0.5,0.5,0.1753797901508762,0,0,0.08277175086519423,0.04,0.6702064327658225
