id,x,y,z,vx,vy,vz,radius,mass
0,0.5,0.5,0.4145763921097596,0,0,-1.042018030937174,0.04,0.6702064327658225
