id,x,y,z,vx,vy,vz,radius,mass
0,0.5,0.5,0.0707907850251919,0,0,-0.9452160456477526,0.04,0.6702064327658225
