id,x,y,z,vx,vy,vz,radius,mass
0,0.5,0.5,0.2158724043607866,0,0,1.137622559428045,0.04,0.6702064327658225
