id,x,y,z,vx,vy,vz,radius,mass
0,0.5,0.5,0.2805601353035955,0,0,0.1566225594281074,0.04,0.6702064327658225
