id,x,y,z,vx,vy,vz,radius,mass
0,0.5,0.5,0.04668170448465921,0,0,2.881981969062932,0.04,0.6702064327658225
