id,x,y,z,vx,vy,vz,radius,mass
0,0.5,0.5,0.3584764250000094,0,0,-2.943000000000179,0.04,0.6702064327658225
