id,x,y,z,vx,vy,vz,radius,mass
0,0.5,0.5,0.4697527202034808,0,0,-0.06101803093722539,0.04,0.6702064327658225
