id,x,y,z,vx,vy,vz,radius,mass
0,0.5,0.5,0.2613000640160474,0,0,-2.023018030937083,0.04,0.6702064327658225
