id,x,y,z,vx,vy,vz,radius,mass
0,0.5,0.5,0.426829048297204,0,0,0.9199819690627353,0.04,0.6702064327658225
