id,x,y,z,vx,vy,vz,radius,mass
0,0.5,0.5,0.06368304415475125,0,0,1.016783954352156,0.04,0.6702064327658225
