id,x,y,z,vx,vy,vz,radius,mass
0,0.5,0.5,0.1156355971892253,0,0,-1.805377440571763,0.04,0.6702064327658225
