id,x,y,z,vx,vy,vz,radius,mass
0,0.5,0.5,0.2471478662464066,0,0,-0.8243774405718641,0.04,0.6702064327658225
