id,x,y,z,vx,vy,vz,radius,mass
0,0.5,0.5,0.1162869145899706,0,0,0.0357839543522056,0.04,0.6702064327658225
