id,x,y,z,vx,vy,vz,radius,mass
0,0.5,0.5,0.1345824402373963,0,0,-0.898228249134769,0.04,0.6702064327658225
