id,x,y,z,vx,vy,vz,radius,mass
0,0.820000000000098,0.459999999999971,0.8999999999999779,0.8,-0.35,0.5,0.03,0.2827433388230813
