id,x,y,z,vx,vy,vz,radius,mass
0,0.5800000000000245,0.5649999999999927,0.7499999999999944,0.8,-0.35,0.5,0.03,0.2827433388230813
