id,x,y,z,vx,vy,vz,radius,mass
0,0.9000000000001225,0.4249999999999637,0.9499999999999724,0.8,-0.35,0.5,0.03,0.2827433388230813
