id,x,y,z,vx,vy,vz,radius,mass
0,0.5,0.5,0.1076772922619937,0,0,-2.821841765764384,0.04,0.6702064327658225
