id,x,y,z,vx,vy,vz,radius,mass
0,0.5,0.5,0.4139154072471265,0,0,0.03217273327640534,0.04,0.6702064327658225
