id,x,y,z,vx,vy,vz,radius,mass
0,0.5,0.5,0.03609781941006007,0,0,1.133699626330894,0.04,0.6702064327658225
