id,x,y,z,vx,vy,vz,radius,mass
0,0.5,0.5,0.3408359938384155,0,0,-1.840841765764113,0.04,0.6702064327658225
