id,x,y,z,vx,vy,vz,radius,mass
0,0.5,0.5,0.6294714681318357,0,0,0.4671852900500675,0.04,0.6702064327658225
