id,x,y,z,vx,vy,vz,radius,mass
0,0.5,0.5,0.6271154721368422,0,0,-0.5138147099499391,0.04,0.6702064327658225
