id,x,y,z,vx,vy,vz,radius,mass
0,0.5,0.5,0.5266594761418535,0,0,-1.494814709949838,0.04,0.6702064327658225
