id,x,y,z,vx,vy,vz,radius,mass
0,0.5,0.5,0.3398834601218372,0,0,2.429185290050063,0.04,0.6702064327658225
