id,x,y,z,vx,vy,vz,radius,mass
0,0.5,0.5,0.5128533969912564,0,0,0.1211582342357528,0.04,0.6702064327658225
