id,x,y,z,vx,vy,vz,radius,mass
0,0.5,0.5,0.475894695414832,0,0,-0.8598417657642147,0.04,0.6702064327658225
