id,x,y,z,vx,vy,vz,radius,mass
0,0.5,0.5,0.3616726589194872,0,0,1.013172733276356,0.04,0.6702064327658225
