id,x,y,z,vx,vy,vz,radius,mass
0,0.5,0.5,0.2924708001441187,0,0,2.083158234235631,0.04,0.6702064327658225
