id,x,y,z,vx,vy,vz,radius,mass
0,0.5,0.5,0.2113299105918569,0,0,1.994172733276255,0.04,0.6702064327658225
