id,x,y,z,vx,vy,vz,radius,mass
0,0.5,0.5,0.6375979981246644,0,0,-0.07156595723033977,0.04,0.6702064327658225
