id,x,y,z,vx,vy,vz,radius,mass
0,0.5,0.5,0.5813668774016316,0,0,-1.052565957230287,0.04,0.6702064327658225
