id,x,y,z,vx,vy,vz,radius,mass
0,0.5,0.5,0.691699664465285,0,0,0.6730089463551208,0.04,0.6702064327658225
