id,x,y,z,vx,vy,vz,radius,mass
0,0.5,0.5,0.04842055555873401,0,0,3.616008946355548,0.04,0.6702064327658225
