id,x,y,z,vx,vy,vz,radius,mass
0,0.5,0.5,0.595729118847699,0,0,0.9094340427696221,0.04,0.6702064327658225
