id,x,y,z,vx,vy,vz,radius,mass
0,0.5,0.5,0.2176913602937774,0,0,2.871434042769814,0.04,0.6702064327658225
