id,x,y,z,vx,vy,vz,radius,mass
0,0.5,0.5,0.6300524037363148,0,0,-1.288991053644788,0.04,0.6702064327658225
