id,x,y,z,vx,vy,vz,radius,mass
0,0.5,0.5,0.1760051430073414,0,0,-3.250991053645152,0.04,0.6702064327658225
