threads,runtime,speedup,efficiency
1,0.7757592,1,1
2,0.6857937,1.131184494695708,0.5655922473478541
4,0.470324,1.649414446211548,0.4123536115528869
8,0.4289363,1.808565048003631,0.2260706310004539
