id,x,y,z,vx,vy,vz,radius,mass
0,0.5,0.5,0.7581354959081058,0,0,3.678730194345269,0.03,0.2827433388230813
