id,x,y,z,vx,vy,vz,radius,mass
0,0.5,0.5,0.432484320360483,0,0,4.463530194345397,0.03,0.2827433388230813
