id,x,y,z,vx,vy,vz,radius,mass
0,0.5,0.5,0.6031579081342959,0,0,4.07113019434526,0.03,0.2827433388230813
