id,x,y,z,vx,vy,vz,radius,mass
0,0.5,0.5,0.2461147325866643,0,0,4.855930194345534,0.03,0.2827433388230813
