id,x,y,z,vx,vy,vz,radius,mass
0,0.5,0.5,1.364135420000031,0,0,-3.531599999999747,0.03,0.2827433388230813
