id,x,y,z,vx,vy,vz,radius,mass
0,0.5,0.5,1.050176180000051,0,0,-4.316399999999809,0.03,0.2827433388230813
