id,x,y,z,vx,vy,vz,radius,mass
0,0.5,0.5,1.96856876,0,0,-0.7848000000000063,0.03,0.2827433388230813
