id,x,y,z,vx,vy,vz,radius,mass
0,0.5,0.5,0.04404914481284024,0,0,5.248330194345671,0.03,0.2827433388230813
