id,x,y,z,vx,vy,vz,radius,mass
0,0.5,0.5,1.215003800000041,0,0,-3.923999999999706,0.03,0.2827433388230813
