id,x,y,z,vx,vy,vz,radius,mass
0,0.5,0.5,1.874353520000001,0,0,-1.569599999999949,0.03,0.2827433388230813
