id,x,y,z,vx,vy,vz,radius,mass
0,0.5,0.5,1.615310660000014,0,0,-2.746799999999828,0.03,0.2827433388230813
