id,x,y,z,vx,vy,vz,radius,mass
0,0.5,0.5,1.497571040000022,0,0,-3.139199999999787,0.03,0.2827433388230813
