id,x,y,z,vx,vy,vz,radius,mass
0,0.7400000000000735,0.4949999999999782,0.8499999999999834,0.8,-0.35,0.5,0.03,0.2827433388230813
