id,x,y,z,vx,vy,vz,radius,mass
0,0.660000000000049,0.5299999999999855,0.7999999999999889,0.8,-0.35,0.5,0.03,0.2827433388230813
