id,x,y,z,vx,vy,vz,radius,mass
0,0.5,0.5,0.8696525600000563,0,0,-4.708799999999946,0.03,0.2827433388230813
