id,x,y,z,vx,vy,vz,radius,mass
0,0.5,0.5,1.803701900000004,0,0,-1.961999999999909,0.03,0.2827433388230813
