id,x,y,z,vx,vy,vz,radius,mass
0,0.5,0.5,0.2339057000000382,0,0,-5.886000000000357,0.03,0.2827433388230813
