id,x,y,z,vx,vy,vz,radius,mass
0,0.5,0.5,1.92930914,0,0,-1.17719999999999,0.03,0.2827433388230813
