id,x,y,z,vx,vy,vz,radius,mass
0,0.5,0.5,0.4615173200000497,0,0,-5.49360000000022,0.03,0.2827433388230813
