id,x,y,z,vx,vy,vz,radius,mass
0,0.5,0.5,1.717354280000008,0,0,-2.354399999999869,0.03,0.2827433388230813
