id,x,y,z,vx,vy,vz,radius,mass
0,0.5,0.5,1.99213238,0,0,-0.3924000000000024,0.03,0.2827433388230813
