id,x,y,z,vx,vy,vz,radius,mass
0,0.5,0.5,0.6734329400000557,0,0,-5.101200000000083,0.03,0.2827433388230813
