id,x,y,z,vx,vy,vz,radius,mass
0,0.5,0.5,0.3779067940179824,0,0,2.800768689076178,0.04,0.6702064327658225
