id,x,y,z,vx,vy,vz,radius,mass
0,0.5,0.5,0.1861438145389703,0,0,-3.34212637296164,0.04,0.6702064327658225
