id,x,y,z,vx,vy,vz,radius,mass
0,0.5,0.5,0.2924208574636062,0,0,-3.08523131092418,0.04,0.6702064327658225
