id,x,y,z,vx,vy,vz,radius,mass
0,0.5,0.5,0.6310796260196369,0,0,1.562873627038572,0.04,0.6702064327658225
