id,x,y,z,vx,vy,vz,radius,mass
0,0.5,0.5,0.6584181391312385,0,0,-1.380126372961235,0.04,0.6702064327658225
