id,x,y,z,vx,vy,vz,radius,mass
0,0.5,0.5,0.5519185135560072,0,0,-2.104231310923837,0.04,0.6702064327658225
