id,x,y,z,vx,vy,vz,radius,mass
0,0.5,0.5,0.608909137925584,0,0,1.819768689075917,0.04,0.6702064327658225
