id,x,y,z,vx,vy,vz,radius,mass
0,0.5,0.5,0.4713309768351171,0,0,-2.361126372961297,0.04,0.6702064327658225
