id,x,y,z,vx,vy,vz,radius,mass
0,0.5,0.5,0.1223539506118891,0,0,3.52487362703906,0.04,0.6702064327658225
