id,x,y,z,vx,vy,vz,radius,mass
0,0.5,0.5,0.425766788315778,0,0,2.543873627038717,0.04,0.6702064327658225
