id,x,y,z,vx,vy,vz,radius,mass
0,0.5,0.5,0.7382924637234991,0,0,0.5818736270386737,0.04,0.6702064327658225
