id,x,y,z,vx,vy,vz,radius,mass
0,0.5,0.5,0.7474053014273669,0,0,-0.3991263729613252,0.04,0.6702064327658225
