id,x,y,z,vx,vy,vz,radius,mass
0,0.5,0.5,0.7766138257407849,0,0,-0.1422313109239519,0.04,0.6702064327658225
