id,x,y,z,vx,vy,vz,radius,mass
0,0.5,0.5,0.04880445011034758,0,0,3.78176868907652,0.04,0.6702064327658225
