id,x,y,z,vx,vy,vz,radius,mass
0,0.5,0.5,0.2271475523094267,0,0,3.153604974591337,0.04,0.6702064327658225
