id,x,y,z,vx,vy,vz,radius,mass
0,0.5,0.5,0.7133161696483915,0,0,-1.123231310923891,0.04,0.6702064327658225
