threads,count,box_length,runtime,weak_efficiency,overhead
1,625,1,0.3344815,1,0
2,1250,1.259921049894873,0.9415955,0.3552284393882511,0.607114
4,2500,1.587401051968199,2.380597,0.1405032015078571,2.0461155
8,5000,2,6.7105096,0.04984442612227244,6.3760281
