id,x,y,z,vx,vy,vz,radius,mass
0,0.5,0.5,0.2267154550803248,0,0,0.8567216422760577,0.04,0.6702064327658225
