id,x,y,z,vx,vy,vz,radius,mass
0,0.5,0.5,0.4771378370342088,0,0,1.168545577758746,0.04,0.6702064327658225
