id,x,y,z,vx,vy,vz,radius,mass
0,0.5,0.5,0.2633130943079334,0,0,-0.1242783577239101,0.04,0.6702064327658225
