id,x,y,z,vx,vy,vz,radius,mass
0,0.5,0.5,0.3776006920424571,0,0,0.06919318025007898,0.04,0.6702064327658225
