id,x,y,z,vx,vy,vz,radius,mass
0,0.5,0.5,0.386177935361858,0,0,-1.774454422241062,0.04,0.6702064327658225
