id,x,y,z,vx,vy,vz,radius,mass
0,0.5,0.5,0.5145979025859694,0,0,-0.7934544222411634,0.04,0.6702064327658225
