id,x,y,z,vx,vy,vz,radius,mass
0,0.5,0.5,0.7509254750000007,0,0,-0.9809999999999545,0.04,0.6702064327658225
