id,x,y,z,vx,vy,vz,radius,mass
0,0.5,0.5,0.04727777148245023,0,0,3.130545577759055,0.04,0.6702064327658225
