id,x,y,z,vx,vy,vz,radius,mass
0,0.5,0.5,0.1596579681377436,0,0,-2.755454422241303,0.04,0.6702064327658225
