id,x,y,z,vx,vy,vz,radius,mass
0,0.5,0.5,0.2018107335355441,0,0,-1.105278357723851,0.04,0.6702064327658225
