id,x,y,z,vx,vy,vz,radius,mass
0,0.5,0.5,0.3112578042583385,0,0,2.149545577758712,0.04,0.6702064327658225
