id,x,y,z,vx,vy,vz,radius,mass
0,0.5,0.5,0.1676111059924525,0,0,2.031193180249939,0.04,0.6702064327658225
