id,x,y,z,vx,vy,vz,radius,mass
0,0.5,0.5,0.3354454850674656,0,0,-0.9118068197498826,0.04,0.6702064327658225
