id,x,y,z,vx,vy,vz,radius,mass
0,0.5,0.5,0.3216558990174502,0,0,1.050193180250026,0.04,0.6702064327658225
