id,x,y,z,vx,vy,vz,radius,mass
0,0.5,0.5,0.04220837276316386,0,0,-2.086278357723789,0.04,0.6702064327658225
