id,x,y,z,vx,vy,vz,radius,mass
0,0.5,0.5,0.5449178698100881,0,0,0.1875455777588116,0.04,0.6702064327658225
