id,x,y,z,vx,vy,vz,radius,mass
0,0.5,0.5,0.1951902780924826,0,0,-1.892806819749781,0.04,0.6702064327658225
