dt,final_z_error,runtime
0.001,0.002942999999994561,0.0163002
0.0005,0.001471499999986886,0.022443
0.00025,0.0007357500000153006,0.0473233
0.0001,0.0002942999999617502,0.1130875
