threads,runtime,speedup,efficiency
1,17.136645,1,1
2,17.4673498,0.9810672595564555,0.4905336297782277
4,10.8968123,1.572629180737563,0.3931572951843908
8,6.4682338,2.649354604343461,0.3311693255429326
